<?xml version="1.0" encoding="UTF-8"?>
<infinispan
        xmlns:xsi="http://www.w3.org/2001/XMLSchema-instance"
        xsi:schemaLocation="urn:infinispan:config:13.0 http://www.infinispan.org/schemas/infinispan-config-13.0.xsd"
        xmlns="urn:infinispan:config:13.0">

    <!-- https://github.com/infinispan/infinispan.github.io/tree/develop/schemas -->

    <!-- custom stack goes into the jgroups element -->
    <!-- see https://infinispan.org/blog/2019/03/05/enhanced-jgroups-configuration/ -->
    <!-- see http://jgroups.org/manual4/index.html#CommonProps -->
    <jgroups xmlns="http://jgroups.org/schema/jgroups-4.2.xsd">
        <stack name="tcp-k8s" extends="tcp">
            <org.jgroups.protocols.kubernetes.KUBE_PING
                    port_range="1"
                    namespace="${kubeping_namespace}"
                    labels="${kubeping_label}"
                    stack.position="MPING"
                    stack.combine="REPLACE"/>
        </stack>
    </jgroups>

    <cache-container name="keycloak">
        <!-- custom stack must be referenced by name in the stack attribute of the transport element -->
        <!-- note, that this should be keept aligned with: https://github.com/keycloak/keycloak/blob/main/quarkus/runtime/src/main/resources/cache-ispn.xml -->
        <transport lock-timeout="60000" stack="tcp-k8s"/>
        <local-cache name="realms">
            <encoding>
                <key media-type="application/x-java-object"/>
                <value media-type="application/x-java-object"/>
            </encoding>
            <memory max-count="10000"/>
        </local-cache>
        <local-cache name="users">
            <encoding>
                <key media-type="application/x-java-object"/>
                <value media-type="application/x-java-object"/>
            </encoding>
            <memory max-count="10000"/>
        </local-cache>
        <distributed-cache name="sessions" owners="2">
            <expiration lifespan="-1"/>
        </distributed-cache>
        <distributed-cache name="authenticationSessions" owners="2">
            <expiration lifespan="-1"/>
        </distributed-cache>
        <distributed-cache name="offlineSessions" owners="2">
            <expiration lifespan="-1"/>
        </distributed-cache>
        <distributed-cache name="clientSessions" owners="2">
            <expiration lifespan="-1"/>
        </distributed-cache>
        <distributed-cache name="offlineClientSessions" owners="2">
            <expiration lifespan="-1"/>
        </distributed-cache>
        <distributed-cache name="loginFailures" owners="2">
            <expiration lifespan="-1"/>
        </distributed-cache>
        <local-cache name="authorization">
            <encoding>
                <key media-type="application/x-java-object"/>
                <value media-type="application/x-java-object"/>
            </encoding>
            <memory max-count="10000"/>
        </local-cache>
        <replicated-cache name="work">
            <expiration lifespan="-1"/>
        </replicated-cache>
        <local-cache name="keys">
            <encoding>
                <key media-type="application/x-java-object"/>
                <value media-type="application/x-java-object"/>
            </encoding>
            <expiration max-idle="3600000"/>
            <memory max-count="1000"/>
        </local-cache>
        <distributed-cache name="actionTokens" owners="2">
            <encoding>
                <key media-type="application/x-java-object"/>
                <value media-type="application/x-java-object"/>
            </encoding>
            <expiration max-idle="-1" lifespan="-1" interval="300000"/>
            <memory max-count="-1"/>
        </distributed-cache>
    </cache-container>
</infinispan>
